<?xml version="1.0" encoding="UTF-8"?>
<!DOCTYPE xml>
<Configuration>

	<properties>
		<property name="LOG_HOME">logs/creditCardSchedule</property>
		<property name="LOG_PATTERN">%date{yyyy-MM-dd HH:mm:ss.SSS} %level [%thread][%X{ipAddress}][%file:%line] %M - %msg%n</property>
		<property name="LOG_ROLLING_SIZE">10 MB</property>
		<property name="LOG_ROLLING_MAX_NUM">20</property>
		<property name="FILE_NAME">CreditCardSchedule</property>
		<property name="FILE_NAME_BUSINESS_NOTES">BusinessNotes</property>
	</properties>

	<Appenders>
		<Console name="Console" target="SYSTEM_OUT">
			<PatternLayout pattern="${LOG_PATTERN}" />
		</Console>

		<RollingRandomAccessFile name="CreditCardSchedule-log" fileName="${LOG_HOME}/${FILE_NAME}.log" filePattern="${LOG_HOME}/bak/${FILE_NAME}-%d{yyyy-MM-dd}-%i.log">
			<PatternLayout pattern="${LOG_PATTERN}" />
			<Policies>
				<!-- rolling觸發機制 換日&log檔案大小達設定size -->
				<TimeBasedTriggeringPolicy />
				<SizeBasedTriggeringPolicy size="${LOG_ROLLING_SIZE}" />
			</Policies>
			<DefaultRolloverStrategy max="${LOG_ROLLING_MAX_NUM}" />
		</RollingRandomAccessFile>
		
		<RollingRandomAccessFile name="BusinessNotes-log" fileName="${LOG_HOME}/${FILE_NAME_BUSINESS_NOTES}.log" filePattern="${LOG_HOME}/bak/${FILE_NAME_BUSINESS_NOTES}-%d{yyyy-MM-dd}-%i.log">
			<PatternLayout pattern="${LOG_PATTERN}" />
			<Policies>
				<!-- rolling觸發機制 換日&log檔案大小達設定size -->
				<TimeBasedTriggeringPolicy />
				<SizeBasedTriggeringPolicy size="${LOG_ROLLING_SIZE}" />
			</Policies>
			<DefaultRolloverStrategy max="${LOG_ROLLING_MAX_NUM}" />
		</RollingRandomAccessFile>
		
	</Appenders>

	<Loggers>
		<Root level="info">
			<AppenderRef ref="Console" />
		</Root>
		
		<Logger name="CreditCardSchedule-logger">
			<AppenderRef ref="CreditCardSchedule-log" />
		</Logger>
		
		<Logger name="BusinessNotes-logger">
			<AppenderRef ref="BusinessNotes-log" />
		</Logger>
		
	</Loggers>
</Configuration>