<?xml version="1.0" encoding="UTF-8"?>
<beans xmlns="http://www.springframework.org/schema/beans" xmlns:xsi="http://www.w3.org/2001/XMLSchema-instance"
	xmlns:context="http://www.springframework.org/schema/context"
	xsi:schemaLocation="http://www.springframework.org/schema/beans 
	                    http://www.springframework.org/schema/beans/spring-beans-3.2.xsd
	                    http://www.springframework.org/schema/context 
           				http://www.springframework.org/schema/context/spring-context-3.2.xsd">
    
	<bean id="oaBusinessNotes" class="com.mitake.clundcounter.schedule.OABusinessNotes" />
	
    <bean id="oaBusinessNotesJob" class="org.springframework.scheduling.quartz.MethodInvokingJobDetailFactoryBean">
		<property name="targetObject" ref="oaBusinessNotes" />
		<property name="targetMethod" value="start" />
		<property name="concurrent" value="false" />
	</bean>

	
	<bean id="TriggerOABusinessNotesJob" class="org.springframework.scheduling.quartz.CronTriggerFactoryBean">
		<property name="jobDetail">
			<ref bean="oaBusinessNotesJob" />
		</property>
		<property name="cronExpression">
			<value>0 0 0,6,12,18 * * ?</value><!-- 每日0點,6點,12點,18點執行 -->
		</property>
	</bean>
	
	<!--Factory -->
	<bean id="SchedulerFactoryBean" class="org.springframework.scheduling.quartz.SchedulerFactoryBean">
		<property name="triggers">
			<list>
				<ref bean="TriggerOABusinessNotesJob" />
			</list>
		</property>
	</bean>
</beans>