<?xml version="1.0" encoding="UTF-8"?>
<beans:beans
	xmlns="http://www.springframework.org/schema/mvc"
	xmlns:xsi="http://www.w3.org/2001/XMLSchema-instance"
	xmlns:beans="http://www.springframework.org/schema/beans"
	xmlns:context="http://www.springframework.org/schema/context"
	xmlns:tx="http://www.springframework.org/schema/tx"
	xsi:schemaLocation="http://www.springframework.org/schema/mvc http://www.springframework.org/schema/mvc/spring-mvc.xsd
        http://www.springframework.org/schema/beans http://www.springframework.org/schema/beans/spring-beans.xsd
        http://www.springframework.org/schema/context http://www.springframework.org/schema/context/spring-context.xsd
        http://www.springframework.org/schema/tx http://www.springframework.org/schema/tx/spring-tx-3.2.xsd">

	<beans:bean id="dataSource" class="org.springframework.jndi.JndiObjectFactoryBean">
		<beans:property name="jndiName">
			<beans:value>${jndi.name}</beans:value>
		</beans:property>
		<beans:property name="resourceRef">
			<beans:value>true</beans:value>
		</beans:property>
	</beans:bean>
	
	<beans:bean id="sessionFactory" class="org.springframework.orm.hibernate4.LocalSessionFactoryBean" destroy-method="destroy">
		<beans:property name="dataSource" ref="dataSource"></beans:property>
		<beans:property name="packagesToScan">
			<beans:list>
				<beans:value>com.mitake.clundcounter.model.domain</beans:value>
			</beans:list>
		</beans:property>
		<beans:property name="hibernateProperties">
			<beans:props>
				<beans:prop key="hibernate.dialect">${jdbc.dialect}</beans:prop>
				<beans:prop key="hibernate.show_sql">true</beans:prop>
				<beans:prop key="hibernate.current_session_context_class">org.springframework.orm.hibernate4.SpringSessionContext
				</beans:prop>
			</beans:props>
		</beans:property>
	</beans:bean>

	<tx:annotation-driven transaction-manager="transactionManager" />

	<beans:bean id="transactionManager" class="org.springframework.orm.hibernate4.HibernateTransactionManager">
		<beans:property name="sessionFactory" ref="sessionFactory" />
	</beans:bean>

</beans:beans>