<?xml version="1.0" encoding="UTF-8"?>
<beans xmlns="http://www.springframework.org/schema/beans"
	xmlns:xsi="http://www.w3.org/2001/XMLSchema-instance" xmlns:context="http://www.springframework.org/schema/context"
	xmlns:mvc="http://www.springframework.org/schema/mvc"
	xsi:schemaLocation="
      http://www.springframework.org/schema/beans
      http://www.springframework.org/schema/beans/spring-beans-3.2.xsd
      http://www.springframework.org/schema/context
      http://www.springframework.org/schema/context/spring-context-3.2.xsd
      http://www.springframework.org/schema/mvc
      http://www.springframework.org/schema/mvc/spring-mvc-3.2.xsd">


	<!-- 配置TemplateEngine -->
	<bean id="xmlTemplateResolver"
		class="org.thymeleaf.spring3.templateresolver.SpringResourceTemplateResolver">
		<property name="prefix" value="/WEB-INF/thymeleaf/" />
		<property name="suffix" value=".xml" />
		<property name="templateMode" value="XML" />
		<property name="characterEncoding" value="UTF-8" />
	</bean>

	<bean id="templateEngine" class="org.thymeleaf.spring3.SpringTemplateEngine">
		<property name="templateResolver" ref="xmlTemplateResolver" />
	</bean>

	<bean id="thymeleafViewResolver" class="org.thymeleaf.spring3.view.ThymeleafViewResolver">
		<property name="templateEngine" ref="templateEngine" />
		<property name="order" value="1" />
		<property name="viewNames" value="*.xml" />
		<property name="characterEncoding" value="UTF-8" />
		<property name="contentType" value="text/xml" />
	</bean>

</beans>