<?xml version="1.0" encoding="UTF-8"?>
<beans:beans
	xmlns="http://www.springframework.org/schema/mvc"
	xmlns:xsi="http://www.w3.org/2001/XMLSchema-instance"
	xmlns:beans="http://www.springframework.org/schema/beans"
	xmlns:context="http://www.springframework.org/schema/context"
	xmlns:tx="http://www.springframework.org/schema/tx"
	xmlns:task="http://www.springframework.org/schema/task"
	xsi:schemaLocation="http://www.springframework.org/schema/mvc http://www.springframework.org/schema/mvc/spring-mvc.xsd
        http://www.springframework.org/schema/beans http://www.springframework.org/schema/beans/spring-beans.xsd
        http://www.springframework.org/schema/context http://www.springframework.org/schema/context/spring-context.xsd
        http://www.springframework.org/schema/tx http://www.springframework.org/schema/tx/spring-tx-3.2.xsd
        http://www.springframework.org/schema/task http://www.springframework.org/schema/task/spring-task-3.2.xsd">


	<context:component-scan base-package="com.mitake.clundcounter" />
	<annotation-driven />

	<!-- <resources mapping="/resources/**" location="/resources/" />
	<resources mapping="/webjars/**" location="/webjars/" />


	<beans:bean class="org.springframework.web.servlet.view.InternalResourceViewResolver">
		<beans:property name="prefix" value="/WEB-INF/views/" />
		<beans:property name="suffix" value=".jsp" />
		<beans:property name="exposedContextBeanNames">
			<beans:list>
				<beans:value>configProperties</beans:value>
			</beans:list>
		</beans:property>
	</beans:bean> -->

	<beans:bean id="threadContextFilterBean" class="com.mitake.clundcounter.filter.ThreadContextFilter"></beans:bean>
	<task:annotation-driven executor="myExecutor" scheduler="myScheduler"/>
	<task:executor id="myExecutor" pool-size="5"/>
	<task:scheduler id="myScheduler" pool-size="10"/>
</beans:beans>