<?xml version="1.0" encoding="UTF-8"?>
<beans xmlns="http://www.springframework.org/schema/beans"
	xmlns:xsi="http://www.w3.org/2001/XMLSchema-instance"
	xmlns:context="http://www.springframework.org/schema/context"
	xsi:schemaLocation="
      http://www.springframework.org/schema/beans
      http://www.springframework.org/schema/beans/spring-beans-3.2.xsd
      http://www.springframework.org/schema/context
      http://www.springframework.org/schema/context/spring-context-3.2.xsd">

	<bean id="configProperties" class="org.springframework.beans.factory.config.PropertiesFactoryBean">
		<property name="locations">
			<list>
				<value>classpath:database.properties</value>
				<value>classpath:config.properties</value>
				<value>classpath:creditcardchedule.properties</value>
			</list>
		</property>
	</bean>

	<bean id="propertyConfigurer" class="org.springframework.beans.factory.config.PropertyPlaceholderConfigurer">
		<property name="properties" ref="configProperties" />
		<property name="ignoreUnresolvablePlaceholders" value="true" />
	</bean>

</beans>